metric,correlation
pp_gf_per_60,0.3640656001246488
pp_s_per_60,0.3507327119962346
nst_s_per_60_all_situations,-0.028769023081180557
nst_hdcf_per_60_all_situations,-0.01792930388295164
nst_iff_per_60_all_situations,-0.011378828176214542
nst_icf_per_60_all_situations,-0.00772623007292294
nst_ixg_per_60_all_situations,0.005988259973199711
sh_g_per_60,0.0036172844742890266
nst_iscfs_per_60_all_situations,-0.0001534537720834662
