metric,correlation
pp_s_per_60,0.27792399149357355
nst_ixg_per_60_all_situations,0.10400844787964648
sh_g_per_60,0.0777137707781686
nst_hdcf_per_60_all_situations,0.070853782414165
pp_gf_per_60,0.06299803790482407
nst_s_per_60_all_situations,-0.02978404213047819
nst_iscfs_per_60_all_situations,0.027702752651542276
nst_iff_per_60_all_situations,0.01821414023734268
nst_icf_per_60_all_situations,0.013934410105224507
