metric,correlation
pp_s_per_60,0.2779239914935735
nst_ixg_per_60_all_situations,0.10400844787964646
sh_g_per_60,0.0777137707781686
nst_hdcf_per_60_all_situations,0.07085378241416503
pp_gf_per_60,0.06299803790482406
nst_s_per_60_all_situations,-0.029784042130478167
nst_iscfs_per_60_all_situations,0.027702752651542307
nst_iff_per_60_all_situations,0.018214140237342667
nst_icf_per_60_all_situations,0.013934410105224511
