metric,cohens_d
pp_s_per_60,0.5357403689930438
nst_ixg_per_60_all_situations,0.31573772086762386
pp_gf_per_60,0.22629701871398053
nst_iscfs_per_60_all_situations,0.1896419821878164
nst_hdcf_per_60_all_situations,0.1403908464991101
nst_icf_per_60_all_situations,0.10201582020394008
nst_iff_per_60_all_situations,0.09691383991345952
nst_s_per_60_all_situations,0.04323332527017465
sh_g_per_60,-0.002231767315398442
