metric,cohens_d
pp_gf_per_60,0.8689858219321424
pp_s_per_60,0.7365487140162644
nst_hdcf_per_60_all_situations,-0.02821515268131289
nst_s_per_60_all_situations,-0.021937745450175686
sh_g_per_60,0.015102943729427689
nst_ixg_per_60_all_situations,0.012891728505544167
nst_iscfs_per_60_all_situations,0.008478462771291622
nst_icf_per_60_all_situations,0.006286808678833876
nst_iff_per_60_all_situations,-0.0040722390680589336
