metric,mean_z_diff
pp_s_per_60,0.5323051560810694
nst_ixg_per_60_all_situations,0.3151399691390195
pp_gf_per_60,0.2261355259830222
nst_iscfs_per_60_all_situations,0.18957716029312113
nst_hdcf_per_60_all_situations,0.1403985755331912
nst_icf_per_60_all_situations,0.10204462851497105
nst_iff_per_60_all_situations,0.09694361219635927
nst_s_per_60_all_situations,0.043254560905722286
sh_g_per_60,-0.0022329653078565
