{
"success": true,
"message": "Successfully fetched the career averages stats for player: 8473512",
"yearlyCounts": {
"counts": [
{
"season": 20202021,
"team": "PHI",
"SOG": 120,
"TOI": 58662,
"SF": 589,
"SA": 416,
"SF%": null,
"GF": 68,
"GA": 59,
"GF%": 0.5354,
"SCF": 492,
"SCA": 365,
"SCF%": null,
"S%": 0.1333,
"oiSH%": 0.11539999999999999,
"secA%": 0.4444444444444444,
"iHDCF": 47,
"goals": 16,
"SOG/60": 0.12273703590058302,
"IPP": 0.6324000000000001,
"oZS%": 0.5338,
"GP": 54,
"oiGF": 68,
"assists": 27,
"A1": 15,
"A2": 12,
"PIM": 12,
"HIT": 32,
"BLK": 6,
"iCF": 211,
"CF": 1078,
"CA": 731,
"CF%": 59.59,
"iFF": 176,
"FF": 817,
"FA": 560,
"FF%": 59.33,
"ixG": 12.14,
"xGF": 53.86,
"xGA": 37.45,
"xGF%": 0,
"iSCF": 108,
"HDCF": 204,
"HDGF": 41,
"MDCF": 288,
"MDGF": 15,
"LDCF": 519,
"LDGF": 10,
"oZS": 276,
"dZS": 241
},
{
"season": 20212022,
"team": "TOT",
"TOI": 85816,
"GF": 90,
"GA": 76,
"GF%": 0.5421686746987951,
"SCF": 803,
"SCA": 577,
"SCF%": 0.5818840579710145,
"S%": 0.05121951219512195,
"oiSH%": 0.09483667017913593,
"secA%": 0.5681818181818182,
"iHDCF": 56,
"goals": 21,
"SOG": 410,
"SOG/60": 0.2866598303346695,
"IPP": 0.7222222222222222,
"oZS%": 0.5133614627285513,
"GP": 75,
"oiGF": 90,
"assists": 44,
"A1": 19,
"A2": 25,
"PIM": 26,
"HIT": 68,
"BLK": 16,
"iCF": 339,
"CF": 1693,
"CA": 1143,
"CF%": 0.5969675599435825,
"iFF": 268,
"FF": 1273,
"FA": 874,
"FF%": 0.5929203539823009,
"SF": 949,
"SA": 652,
"SF%": 0.5927545284197376,
"ixG": 16.54,
"xGF": 88.99000000000001,
"xGA": 68.88,
"xGF%": 0.5636916450243872,
"iSCF": 154,
"HDCF": 327,
"HDGF": 50,
"MDCF": 476,
"MDGF": 15,
"LDCF": 780,
"LDGF": 22,
"oZS": 365,
"dZS": 346
},
{
"season": 20222023,
"team": "OTT",
"SOG": 214,
"TOI": 92476,
"SF": 1007,
"SA": 762,
"SF%": null,
"GF": 108,
"GA": 80,
"GF%": 0.5745,
"SCF": 1004,
"SCA": 733,
"SCF%": null,
"S%": 0.1636,
"oiSH%": 0.1072,
"secA%": 0.38636363636363635,
"iHDCF": 95,
"goals": 35,
"SOG/60": 0.13884683593581035,
"IPP": 0.7315,
"oZS%": 0.4951,
"GP": 82,
"oiGF": 108,
"assists": 44,
"A1": 27,
"A2": 17,
"PIM": 34,
"HIT": 75,
"BLK": 27,
"iCF": 357,
"CF": 1888,
"CA": 1373,
"CF%": 57.9,
"iFF": 293,
"FF": 1414,
"FA": 1046,
"FF%": 57.48,
"ixG": 21.97,
"xGF": 114.8,
"xGA": 78.31,
"xGF%": 0,
"iSCF": 199,
"HDCF": 439,
"HDGF": 64,
"MDCF": 565,
"MDGF": 29,
"LDCF": 754,
"LDGF": 11,
"oZS": 401,
"dZS": 409
},
{
"season": 20232024,
"team": "OTT",
"SOG": 183,
"TOI": 98853,
"SF": 989,
"SA": 785,
"SF%": null,
"GF": 93,
"GA": 113,
"GF%": 0.4515,
"SCF": 977,
"SCA": 738,
"SCF%": null,
"S%": 0.1148,
"oiSH%": 0.094,
"secA%": 0.37209302325581395,
"iHDCF": 78,
"goals": 21,
"SOG/60": 0.11107401899790598,
"IPP": 0.6881999999999999,
"oZS%": 0.43579999999999997,
"GP": 82,
"oiGF": 93,
"assists": 43,
"A1": 27,
"A2": 16,
"PIM": 26,
"HIT": 40,
"BLK": 30,
"iCF": 346,
"CF": 1978,
"CA": 1532,
"CF%": 56.35,
"iFF": 247,
"FF": 1437,
"FA": 1095,
"FF%": 56.75,
"ixG": 18.59,
"xGF": 111.78,
"xGA": 86.96,
"xGF%": 0,
"iSCF": 171,
"HDCF": 416,
"HDGF": 52,
"MDCF": 561,
"MDGF": 25,
"LDCF": 1160,
"LDGF": 13,
"oZS": 302,
"dZS": 391
},
{
"season": 20242025,
"team": "OTT",
"SOG": 38,
"TOI": 20828,
"SF": 185,
"SA": 164,
"SF%": null,
"GF": 20,
"GA": 18,
"GF%": 0.5263,
"SCF": 174,
"SCA": 147,
"SCF%": null,
"S%": 0.1316,
"oiSH%": 0.1081,
"secA%": 0.14285714285714285,
"iHDCF": 11,
"goals": 5,
"SOG/60": 0.10946802381409641,
"IPP": 0.6,
"oZS%": 0.436,
"GP": 18,
"oiGF": 20,
"assists": 7,
"A1": 6,
"A2": 1,
"PIM": 4,
"HIT": 12,
"BLK": 9,
"iCF": 55,
"CF": 380,
"CA": 318,
"CF%": 54.44,
"iFF": 48,
"FF": 268,
"FA": 226,
"FF%": 54.25,
"ixG": 2.86,
"xGF": 17.97,
"xGA": 18.11,
"xGF%": 0,
"iSCF": 25,
"HDCF": 63,
"HDGF": 11,
"MDCF": 111,
"MDGF": 8,
"LDCF": 223,
"LDGF": 1,
"oZS": 75,
"dZS": 97
}
]
},
"threeYearCountsAverages": {
"toi": 92381.66666666667,
"iHDCF": 76.33333333333333,
"iSCF": 174.66666666666666,
"ixG": 19.033333333333335,
"oiGF": 97,
"goals": 25.666666666666668,
"assists": 43.666666666666664,
"GP": 79.66666666666667,
"A1": 24.333333333333332,
"A2": 19.333333333333332,
"SOG": 269,
"PIM": 28.666666666666668,
"HIT": 61,
"BLK": 24.333333333333332,
"iCF": 347.3333333333333,
"iFF": 269.3333333333333,
"GF": 97,
"GA": 89.66666666666667,
"SCF": 928,
"SCA": 682.6666666666666,
"CF": 1853,
"CA": 1349.3333333333333,
"FF": 1374.6666666666667,
"FA": 1005,
"SF": 981.6666666666666,
"SA": 733,
"xGF": 105.19,
"xGA": 78.05,
"HDCF": 394,
"HDGF": 55.333333333333336,
"MDCF": 534,
"MDGF": 23,
"LDCF": 898,
"LDGF": 15.333333333333334,
"oZS": 356,
"dZS": 382,
"CF%": 0.5786405745810347,
"FF%": 0.5776719428491385,
"SF%": 0.5725116640746502,
"GF%": 0.5196428571428571,
"xGF%": 0.5740558829949792,
"SCF%": 0.576158940397351,
"IPP": 26.116838487972508,
"S%": 0.09541511771995044,
"xS%": 0.0707558859975217,
"SOG/60": 0.17470998935575238,
"oZS%": 0.4823848238482385,
"oiSH%": 0.09881154499151104,
"secA%": 0.44274809160305345
},
"yearlyRates": {
"rates": [
{
"season": 20202021,
"team": "PHI",
"TOI": 58662,
"CF/60": 66.16,
"CA/60": 44.86,
"iSCF/60": 6.63,
"SCA/60": 22.4,
"PTS/60": 2.64,
"G/60": 0.98,
"GF/60": 4.17,
"GA/60": 3.62,
"GF%": 53.54,
"A/60": 1.66,
"A1/60": 0.92,
"A2/60": 0.74,
"SOG/60": 7.36,
"SF/60": 36.15,
"SA/60": 25.53,
"SF%": 58.61,
"SCF/60": 30.19,
"SCF%": 57.41,
"iCF/60": 12.95,
"CF%": 59.59,
"iFF/60": 10.8,
"FF/60": 50.14,
"FA/60": 34.37,
"FF%": 59.33,
"ixG/60": 0.74,
"xGF/60": 3.31,
"xGA/60": 2.3,
"xGF%": null,
"HDCF/60": 12.52,
"HDGF/60": 2.52,
"MDCF/60": 17.67,
"MDGF/60": 0.92,
"LDCF/60": 31.85,
"LDGF/60": 0.61,
"PIM/60": 0.74,
"HIT/60": 1.96,
"BLK/60": 0.37
},
{
"season": 20212022,
"team": "TOT",
"TOI": 85816,
"CF/60": 71.0232807401883,
"CA/60": 47.95072340822224,
"iSCF/60": 6.458943087536125,
"SCA/60": 24.201468257667567,
"PTS/60": 2.727474829868556,
"G/60": 0.8848832385569125,
"GF/60": 3.7766071595040547,
"GA/60": 0,
"GF%": 0,
"A/60": 1.8425915913116435,
"A1/60": 0.7999442994313415,
"A2/60": 1.052647291880302,
"SOG/60": 8.600522746341008,
"SF/60": 39.81499394052391,
"SA/60": 27.354371911997763,
"SF%": 0.5927552454186104,
"SCF/60": 33.68563880861378,
"SCF%": 0.5819195416009194,
"iCF/60": 14.22098979211336,
"CF%": 0.5969647003860814,
"iFF/60": 11.244115549547871,
"FF/60": 53.40037778502844,
"FA/60": 36.660534166122865,
"FF%": 0.5929362320247501,
"ixG/60": 0.6950389204810291,
"xGF/60": 3.7351946024051457,
"xGA/60": 2.8922580870700103,
"xGF%": 0.563594306502842,
"HDCF/60": 13.722068844970634,
"HDGF/60": 2.099866458469283,
"MDCF/60": 19.965905891675213,
"MDGF/60": 0.6315460986296262,
"LDCF/60": 32.72150181784283,
"LDGF/60": 0.9225694509182436,
"PIM/60": 1.0876640719679316,
"HIT/60": 2.8542490910785867,
"BLK/60": 0.6705006059476087
},
{
"season": 20222023,
"team": "OTT",
"TOI": 92476,
"CF/60": 73.5,
"CA/60": 53.45,
"iSCF/60": 7.75,
"SCA/60": 28.53,
"PTS/60": 3.08,
"G/60": 1.36,
"GF/60": 4.2,
"GA/60": 3.11,
"GF%": 57.45,
"A/60": 1.71,
"A1/60": 1.05,
"A2/60": 0.66,
"SOG/60": 8.33,
"SF/60": 39.2,
"SA/60": 29.66,
"SF%": 56.92,
"SCF/60": 39.08,
"SCF%": 57.8,
"iCF/60": 13.9,
"CF%": 57.9,
"iFF/60": 11.41,
"FF/60": 55.05,
"FA/60": 40.72,
"FF%": 57.48,
"ixG/60": 0.86,
"xGF/60": 4.47,
"xGA/60": 3.05,
"xGF%": null,
"HDCF/60": 17.09,
"HDGF/60": 2.49,
"MDCF/60": 21.99,
"MDGF/60": 1.13,
"LDCF/60": 29.35,
"LDGF/60": 0.43,
"PIM/60": 1.32,
"HIT/60": 2.92,
"BLK/60": 1.05
},
{
"season": 20232024,
"team": "OTT",
"TOI": 98853,
"CF/60": 72.03,
"CA/60": 55.79,
"iSCF/60": 6.23,
"SCA/60": 26.88,
"PTS/60": 2.33,
"G/60": 0.76,
"GF/60": 3.39,
"GA/60": 4.12,
"GF%": 45.15,
"A/60": 1.57,
"A1/60": 0.98,
"A2/60": 0.58,
"SOG/60": 6.66,
"SF/60": 36.02,
"SA/60": 28.59,
"SF%": 55.75,
"SCF/60": 35.58,
"SCF%": 56.97,
"iCF/60": 12.6,
"CF%": 56.35,
"iFF/60": 9,
"FF/60": 52.33,
"FA/60": 39.88,
"FF%": 56.75,
"ixG/60": 0.68,
"xGF/60": 4.07,
"xGA/60": 3.17,
"xGF%": null,
"HDCF/60": 15.15,
"HDGF/60": 1.89,
"MDCF/60": 20.43,
"MDGF/60": 0.91,
"LDCF/60": 42.24,
"LDGF/60": 0.47,
"PIM/60": 0.95,
"HIT/60": 1.46,
"BLK/60": 1.09
},
{
"season": 20242025,
"team": "OTT",
"TOI": 20828,
"CF/60": 65.68,
"CA/60": 54.96,
"iSCF/60": 4.32,
"SCA/60": 25.41,
"PTS/60": 2.07,
"G/60": 0.86,
"GF/60": 3.46,